{
	"1" : 0.062667829543352122,
	"10" : 0.013929684087634087,
	"11" : 0.0068740278948098421,
	"12" : 0.012161136977374554,
	"13" : 0.0055482105351984503,
	"14" : 0.010646185465157032,
	"15" : 0.0051239452324807642,
	"16" : 0.0094816736876964566,
	"2" : 0.062529942765831945,
	"3" : 0.021173698268830775,
	"4" : 0.033599876612424848,
	"5" : 0.01463237488642335,
	"6" : 0.021651002764701843,
	"7" : 0.010491277649998665,
	"8" : 0.015815987158566712,
	"9" : 0.007328777154907584
}