{
	"1" : 0.072828774899244303,
	"10" : 0.014396507292985916,
	"11" : 0.014045172557234763,
	"12" : 0.013900978490710258,
	"13" : 0.015423204936087131,
	"14" : 0.015849612746387721,
	"15" : 0.017672762833535673,
	"16" : 0.013780397828668356,
	"2" : 0.035200645960867402,
	"3" : 0.025491636991500855,
	"4" : 0.017824267409741877,
	"5" : 0.018508391454815865,
	"6" : 0.014737241063266992,
	"7" : 0.020206525456160307,
	"8" : 0.017238108254969121,
	"9" : 0.015841304324567318
}