{
	"1" : 0.12454203814268112,
	"10" : 0.015323713794350624,
	"11" : 0.013694861624389886,
	"12" : 0.013029866944998502,
	"13" : 0.01215987242758274,
	"14" : 0.011325705796480179,
	"15" : 0.010777048021554946,
	"16" : 0.012275633402168751,
	"2" : 0.065436340868473053,
	"3" : 0.042360922694206236,
	"4" : 0.034783969819545749,
	"5" : 0.028082924336194991,
	"6" : 0.024771584942936898,
	"7" : 0.020915344916284086,
	"8" : 0.018566367030143738,
	"9" : 0.016680312529206275
}