{
	"1" : 0.44815586805343627,
	"10" : 0.092598151415586472,
	"11" : 0.09110722690820694,
	"12" : 0.086525338143110281,
	"13" : 0.085996045172214514,
	"14" : 0.08285362645983696,
	"15" : 0.079687466472387308,
	"16" : 0.083444745093584058,
	"2" : 0.27759609818458558,
	"3" : 0.19073746353387833,
	"4" : 0.15322900414466858,
	"5" : 0.13496196269989014,
	"6" : 0.11880539730191231,
	"7" : 0.11209996119141578,
	"8" : 0.10318868607282639,
	"9" : 0.098822832852602002
}