{
	"10" : 19.577876,
	"9" : 19.632204,
	"11" : 19.584971,
	"12" : 19.576303,
	"14" : 19.657664,
	"6" : 19.696398,
	"5" : 19.635137,
	"13" : 19.608654,
	"15" : 19.627301,
	"2" : 19.561260,
	"4" : 19.570190,
	"8" : 19.649301,
	"3" : 19.590493,
	"7" : 19.757663,
	"0" : 19.671844,
	"1" : 19.706589
}