{
	"1" : 44.170320,
	"2" : 43.842332,
	"3" : 43.842332,
	"4" : 44.544658
}