{
	"1" : 0.12503655105829239,
	"10" : 0.015070783160626888,
	"11" : 0.013740281574428082,
	"12" : 0.012763724476099015,
	"13" : 0.012335199769586325,
	"14" : 0.011292338371276855,
	"15" : 0.011276418622583152,
	"16" : 0.011015766393393278,
	"2" : 0.062479465827345849,
	"3" : 0.042237413674592973,
	"4" : 0.031722954288125035,
	"5" : 0.028519805893301962,
	"6" : 0.02476383689790964,
	"7" : 0.021128634177148341,
	"8" : 0.018512241542339325,
	"9" : 0.01649433597922325
}