{
	"1" : 0.12506268098950385,
	"10" : 0.014279039204120636,
	"11" : 0.01315576583147049,
	"12" : 0.012398818787187339,
	"13" : 0.011674663238227367,
	"14" : 0.011831477098166943,
	"15" : 0.010479987785220145,
	"16" : 0.01046863617375493,
	"2" : 0.063171830028295517,
	"3" : 0.044379534572362898,
	"4" : 0.034594319760799408,
	"5" : 0.026745948381721972,
	"6" : 0.021981969289481641,
	"7" : 0.019239623844623566,
	"8" : 0.01697679180651903,
	"9" : 0.015763128083199261
}