{
	"1" : 0.13564876616001129,
	"10" : 0.030607352405786513,
	"11" : 0.026878266781568527,
	"12" : 0.024314524792134761,
	"13" : 0.023984323255717754,
	"14" : 0.024042276851832866,
	"15" : 0.022722611390054225,
	"16" : 0.02430371716618538,
	"2" : 0.078785336017608648,
	"3" : 0.071676283329725268,
	"4" : 0.060958378762006757,
	"5" : 0.050151632353663447,
	"6" : 0.042407627776265146,
	"7" : 0.037042637169361112,
	"8" : 0.035454085096716881,
	"9" : 0.034106444939970969
}