{
	"1" : 0.12489818483591079,
	"10" : 0.014663484040647745,
	"11" : 0.013061638921499252,
	"12" : 0.012375906202942133,
	"13" : 0.01145875221118331,
	"14" : 0.011337129771709442,
	"15" : 0.010676838457584381,
	"16" : 0.011265475116670132,
	"2" : 0.062807080894708628,
	"3" : 0.042368079721927646,
	"4" : 0.032066486403346063,
	"5" : 0.028537929989397526,
	"6" : 0.023510283417999746,
	"7" : 0.019248305633664132,
	"8" : 0.017338636703789233,
	"9" : 0.015571673121303319
}