{
	"1" : 0.12496787160634995,
	"10" : 0.01448503378778696,
	"11" : 0.013170371670275927,
	"12" : 0.012320424523204565,
	"13" : 0.011500047612935304,
	"14" : 0.011609318293631076,
	"15" : 0.010480938293039799,
	"16" : 0.010295966546982527,
	"2" : 0.063241478428244596,
	"3" : 0.042280911654233935,
	"4" : 0.032236846163868904,
	"5" : 0.027468485385179521,
	"6" : 0.02297018188983202,
	"7" : 0.019424848258495331,
	"8" : 0.017420886270701885,
	"9" : 0.015571266692131758
}