{
	"1" : 0.12544457614421844,
	"10" : 0.015183275658637285,
	"11" : 0.014215897023677825,
	"12" : 0.013132155034691095,
	"13" : 0.012488581985235215,
	"14" : 0.011788663174957036,
	"15" : 0.012741169333457947,
	"16" : 0.012504308018833399,
	"2" : 0.064005691185593599,
	"3" : 0.044451735168695453,
	"4" : 0.034331580251455308,
	"5" : 0.026980280317366122,
	"6" : 0.024662084504961969,
	"7" : 0.021112850867211819,
	"8" : 0.018959987349808215,
	"9" : 0.016952160559594632
}