{
	"1" : 0.13225344270467759,
	"10" : 0.026311392709612847,
	"11" : 0.027317110449075699,
	"12" : 0.021592535823583604,
	"13" : 0.025362082384526731,
	"14" : 0.022671447508037089,
	"15" : 0.025929581001400949,
	"16" : 0.028913136012852191,
	"2" : 0.077493200451135641,
	"3" : 0.065434655547142034,
	"4" : 0.048660023510456084,
	"5" : 0.045274354889988898,
	"6" : 0.037518528848886491,
	"7" : 0.031800186261534691,
	"8" : 0.027919546701014042,
	"9" : 0.02580590210855007
}