{
	"1" : 0.11742532551288605,
	"10" : 0.013790799584239722,
	"11" : 0.012503827828913927,
	"12" : 0.012025377247482538,
	"13" : 0.011505497712641954,
	"14" : 0.010770801734179259,
	"15" : 0.010996943991631269,
	"16" : 0.010650943499058485,
	"2" : 0.059023420140147206,
	"3" : 0.039737256616353987,
	"4" : 0.030040889047086239,
	"5" : 0.026895366050302981,
	"6" : 0.022499302029609682,
	"7" : 0.019312836229801178,
	"8" : 0.017380849458277225,
	"9" : 0.015054017212241888
}