{
	"1" : 7.394053,
	"2" : 3.505530,
	"3" : 2.312880,
	"4" : 1.849629,
	"5" : 1.563071,
	"6" : 1.440242,
	"7" : 1.333854,
	"8" : 1.263271,
	"9" : 1.202350,
	"10" : 1.180818,
	"11" : 1.197155,
	"12" : 1.197853,
	"13" : 1.250315,
	"14" : 1.275093,
	"15" : 1.354108,
	"16" : 1.396737
}