{
	"1" : 7.6952063560485842,
	"10" : 1.2237675666809082,
	"11" : 1.1689982771873475,
	"12" : 1.1407443404197692,
	"13" : 1.0703571319580079,
	"14" : 1.0522372007369996,
	"15" : 1.0255490899085999,
	"16" : 1.0370811581611634,
	"2" : 4.0784164905548099,
	"3" : 2.8531857967376708,
	"4" : 2.259776997566223,
	"5" : 1.8934343099594115,
	"6" : 1.699631142616272,
	"7" : 1.5346382260322571,
	"8" : 1.4319443345069884,
	"9" : 1.2935459613800049
}