{
	"1" : 0.133976,
	"2" : 0.067269,
	"3" : 0.046107,
	"4" : 0.106583,
	"5" : 0.135263,
	"6" : 0.171552,
	"7" : 0.217093,
	"8" : 0.019729,
	"9" : 0.016558,
	"10" : 0.016086,
	"11" : 0.013972,
	"12" : 0.014095,
	"13" : 0.012954,
	"14" : 0.011678,
	"15" : 0.011379,
	"16" : 0.043757
}